{
  "aquifers_enabled": false,
  "default_block": {
    "Name": "minecraft:end_stone"
  },
  "default_fluid": {
    "Name": "minecraft:air"
  },
  "disable_mob_generation": false,
  "legacy_random_source": false,
  "noise": {
    "height": 128,
    "min_y": 0,
    "size_horizontal": 2,
    "size_vertical": 1
  },
  "noise_router": {
    "barrier": 0.0,
    "continents": 0.0,
    "depth": 0.0,
    "erosion": 0.0,
    "final_density": {
      "type": "minecraft:squeeze",
      "argument": {
        "type": "minecraft:mul",
        "argument1": 0.64,
        "argument2": {
          "type": "minecraft:interpolated",
          "argument": {
            "type": "minecraft:blend_density",
            "argument": {
              "type": "minecraft:add",
              "argument1": 0.1,
              "argument2": {
                "type": "minecraft:mul",
                "argument1": {
                  "type": "minecraft:y_clamped_gradient",
                  "from_value": 0.0,
                  "from_y": 0,
                  "to_value": 1.0,
                  "to_y": 24
                },
                "argument2": {
                  "type": "minecraft:add",
                  "argument1": -0.1,
                  "argument2": {
                    "type": "minecraft:add",
                    "argument1": -0.1,
                    "argument2": {
                      "type": "minecraft:mul",
                      "argument1": {
                        "type": "minecraft:y_clamped_gradient",
                        "from_value": 1.0,
                        "from_y": 48,
                        "to_value": 0.0,
                        "to_y": 64
                      },
                      "argument2": {
                        "type": "minecraft:add",
                        "argument1": 0.1,
                        "argument2": "minecraft:overworld/depth"
                      }
                    }
                  }
                }
              }
            }
          }
        }
      }
    },
    "fluid_level_floodedness": 0.0,
    "fluid_level_spread": 0.0,
    "initial_density_without_jaggedness": {
      "type": "minecraft:add",
      "argument1": 0.1,
      "argument2": {
        "type": "minecraft:mul",
        "argument1": {
          "type": "minecraft:y_clamped_gradient",
          "from_value": 0.0,
          "from_y": 0,
          "to_value": 1.0,
          "to_y": 24
        },
        "argument2": {
          "type": "minecraft:add",
          "argument1": -0.1,
          "argument2": {
            "type": "minecraft:add",
            "argument1": -0.1,
            "argument2": {
              "type": "minecraft:mul",
              "argument1": {
                "type": "minecraft:y_clamped_gradient",
                "from_value": 1.0,
                "from_y": 48,
                "to_value": 0.0,
                "to_y": 64
              },
              "argument2": {
                "type": "minecraft:add",
                "argument1": -0.703125,
                "argument2": 0.1
              }
            }
          }
        }
      }
    },
    "lava": 0.0,
    "ridges": 0.0,
    "temperature": 0.0,
    "vegetation": 0.0,
    "vein_gap": 0.0,
    "vein_ridged": 0.0,
    "vein_toggle": 0.0
  },
  "ore_veins_enabled": true,
  "sea_level": 0,
  "spawn_target": [],
  "surface_rule": {
    "type": "minecraft:sequence",
    "sequence": [
      {
        "type": "minecraft:condition",
        "if_true": {
          "type": "minecraft:vertical_gradient",
          "false_at_and_above": {
            "above_bottom": 5
          },
          "random_name": "minecraft:bedrock_floor",
          "true_at_and_below": {
            "above_bottom": 0
          }
        },
        "then_run": {
          "type": "minecraft:block",
          "result_state": {
            "Name": "minecraft:bedrock"
          }
        }
      },
      {
        "type": "minecraft:block",
        "result_state": {
          "Name": "minecraft:end_stone"
        }
      }
    ]
  }
}