{"stats":{"minecraft:used":{"minecraft:nether_bricks":2,"gtceu:steel_frame":12,"minecraft:glass":55,"gtceu:bronze_pipe_casing":25,"gtceu:steam_machine_casing":75,"gtceu:bronze_gearbox":10},"minecraft:custom":{"minecraft:jump":66,"minecraft:time_since_rest":49259,"minecraft:crouch_one_cm":913,"minecraft:sprint_one_cm":1037,"minecraft:leave_game":1,"minecraft:play_time":49259,"minecraft:time_since_death":49259,"minecraft:walk_one_cm":16128,"minecraft:sneak_time":364,"minecraft:total_world_time":50097,"minecraft:fly_one_cm":18188}},"DataVersion":3465}