{
  "dimensions": {
    "minecraft:overworld": {
      "type": "minecraft:overworld",
      "generator": {
        "type": "minecraft:flat",
        "settings": {
          "biome": "minecraft:plains",
          "features": false,
          "lakes": false,
          "layers": [
            {
              "block": "minecraft:bedrock",
              "height": 1
            },
            {
              "block": "minecraft:dirt",
              "height": 2
            },
            {
              "block": "minecraft:grass_block",
              "height": 1
            }
          ],
          "structure_overrides": [
            "minecraft:strongholds",
            "minecraft:villages"
          ]
        }
      }
    },
    "minecraft:the_end": {
      "type": "minecraft:the_end",
      "generator": {
        "type": "minecraft:noise",
        "biome_source": {
          "type": "minecraft:the_end"
        },
        "settings": "minecraft:end"
      }
    },
    "moon__:moon": {
      "type": "moon__:moon",
      "generator": {
        "type": "minecraft:noise",
        "biome_source": {
          "type": "minecraft:fixed",
          "biome": "moon__:the_moon"
        },
        "settings": "moon__:moon"
      }
    },
    "minecraft:the_nether": {
      "type": "minecraft:the_nether",
      "generator": {
        "type": "minecraft:noise",
        "biome_source": {
          "type": "minecraft:multi_noise",
          "preset": "minecraft:nether"
        },
        "settings": "minecraft:nether"
      }
    }
  }
}