{
    "ultrawarm": false,
    "natural": true,
    "coordinate_scale": 1.0,
    "has_skylight": false,
    "ambient_light": 0.01,
    "monster_spawn_block_light_limit": 0,
    "monster_spawn_light_level": {
      "type": "minecraft:uniform",
      "value": {
        "max_inclusive": 7,
        "min_inclusive": 0
      }
    },
    "piglin_safe": true,
    "bed_works": true,
    "respawn_anchor_works": false,
    "has_raids": false,
    "min_y": -64,
    "height": 320,
    "logical_height": 320,
    "effects": "minecraft:the_end",
    "has_ceiling": false,
    "infiniburn": "#moon__:none",
    "fixed_time": 18000
}